titulo,año,duracion,pais,director,generos,valoracion_media,num_votos,tipo,url,fecha_extraccion,categoria_extraccion,genero_Serie de TV,genero_Thriller,genero_Animación,genero_Intriga,genero_Aventuras,genero_Acción,genero_Romance,genero_Documental,genero_Western,genero_Bélico,genero_Infantil,genero_Drama,genero_Musical,genero_Fantástico,genero_Comedia,genero_Ciencia ficción,genero_Terror,decada
El padrino,1972,175,No disponible,No disponible,['Drama'],9.0,177087,Película,https://www.filmaffinity.com/es/film809297.html,2025-04-07,Top España,0,0,0,0,0,0,0,0,0,0,0,1,0,0,0,0,0,1970
Planeta Tierra II,2016,50,No disponible,No disponible,"['Serie de TV', 'Documental']",8.9,4583,Película,https://www.filmaffinity.com/es/film107937.html,2025-04-07,Top España,1,0,0,0,0,0,0,1,0,0,0,0,0,0,0,0,0,2010
El padrino. Parte II,1974,200,No disponible,No disponible,['Drama'],8.9,141483,Película,https://www.filmaffinity.com/es/film730528.html,2025-04-07,Top España,0,0,0,0,0,0,0,0,0,0,0,1,0,0,0,0,0,1970
The Wire (Bajo escucha),2002,60,No disponible,No disponible,"['Serie de TV', 'Thriller', 'Drama']",8.8,50468,Película,https://www.filmaffinity.com/es/film399474.html,2025-04-07,Top España,1,1,0,0,0,0,0,0,0,0,0,1,0,0,0,0,0,2000
Breaking Bad,2008,45,No disponible,No disponible,"['Serie de TV', 'Thriller', 'Drama']",8.8,105979,Película,https://www.filmaffinity.com/es/film489970.html,2025-04-07,Top España,1,1,0,0,0,0,0,0,0,0,0,1,0,0,0,0,0,2000
Cosmos,1980,60,No disponible,No disponible,"['Serie de TV', 'Documental']",8.8,13539,Película,https://www.filmaffinity.com/es/film601451.html,2025-04-07,Top España,1,0,0,0,0,0,0,1,0,0,0,0,0,0,0,0,0,1980
Planeta azul II,2017,60,No disponible,No disponible,"['Serie de TV', 'Documental']",8.7,1868,Película,https://www.filmaffinity.com/es/film518489.html,2025-04-07,Top España,1,0,0,0,0,0,0,1,0,0,0,0,0,0,0,0,0,2010
Doce hombres sin piedad,1957,95,No disponible,No disponible,"['Intriga', 'Drama']",8.7,73358,Película,https://www.filmaffinity.com/es/film695552.html,2025-04-07,Top España,0,0,0,1,0,0,0,0,0,0,0,1,0,0,0,0,0,1950
Cosmos: A Space-Time Odyssey,2014,60,No disponible,No disponible,"['Serie de TV', 'Documental']",8.6,10897,Película,https://www.filmaffinity.com/es/film661074.html,2025-04-07,Top España,1,0,0,0,0,0,0,1,0,0,0,0,0,0,0,0,0,2010
La lista de Schindler,1993,195,No disponible,No disponible,['Drama'],8.6,177323,Película,https://www.filmaffinity.com/es/film656153.html,2025-04-07,Top España,0,0,0,0,0,0,0,0,0,0,0,1,0,0,0,0,0,1990
Testigo de cargo,1957,114,No disponible,No disponible,"['Intriga', 'Drama']",8.6,46431,Película,https://www.filmaffinity.com/es/film667376.html,2025-04-07,Top España,0,0,0,1,0,0,0,0,0,0,0,1,0,0,0,0,0,1950
Cadena perpetua,1994,142,No disponible,No disponible,['Drama'],8.6,171930,Película,https://www.filmaffinity.com/es/film161026.html,2025-04-07,Top España,0,0,0,0,0,0,0,0,0,0,0,1,0,0,0,0,0,1990
Apocalipsis: La Segunda Guerra Mundial,2009,320,No disponible,No disponible,"['Serie de TV', 'Documental', 'Bélico']",8.6,14802,Película,https://www.filmaffinity.com/es/film221477.html,2025-04-07,Top España,1,0,0,0,0,0,0,1,0,1,0,0,0,0,0,0,0,2000
Luces de la ciudad,1931,81,No disponible,No disponible,"['Comedia', 'Romance']",8.6,33753,Película,https://www.filmaffinity.com/es/film750301.html,2025-04-07,Top España,0,0,0,0,0,0,1,0,0,0,0,0,0,0,1,0,0,1930
Los Simpson,1989,22,No disponible,No disponible,"['Serie de TV', 'Animación', 'Comedia']",8.6,172956,Película,https://www.filmaffinity.com/es/film372160.html,2025-04-07,Top España,1,0,1,0,0,0,0,0,0,0,0,0,0,0,1,0,0,1980
Adolescencia,2025,228,No disponible,No disponible,"['Serie de TV', 'Drama', 'Thriller']",7.7,16264,Película,https://www.filmaffinity.com/es/film541444.html,2025-04-07,Las más votadas,1,1,0,0,0,0,0,0,0,0,0,1,0,0,0,0,0,2020
Emilia Pérez,2024,132,No disponible,No disponible,"['Thriller', 'Musical', 'Drama']",5.9,11943,Película,https://www.filmaffinity.com/es/film671326.html,2025-04-07,Las más votadas,0,1,0,0,0,0,0,0,0,0,0,1,1,0,0,0,0,2020
Sisu,2022,86,No disponible,No disponible,"['Bélico', 'Western', 'Aventuras', 'Acción']",6.3,8382,Película,https://www.filmaffinity.com/es/film872693.html,2025-04-07,Las más votadas,0,0,0,0,1,1,0,0,1,1,0,0,0,0,0,0,0,2020
Heretic (Hereje),2024,110,No disponible,No disponible,"['Terror', 'Thriller']",6.4,7119,Película,https://www.filmaffinity.com/es/film744837.html,2025-04-07,Las más votadas,0,1,0,0,0,0,0,0,0,0,0,0,0,0,0,0,1,2020
Una película de Minecraft,2025,100,No disponible,No disponible,"['Fantástico', 'Aventuras', 'Comedia']",4.8,702,Película,https://www.filmaffinity.com/es/film979252.html,2025-04-07,Las más votadas,0,0,0,0,1,0,0,0,0,0,0,0,0,1,1,0,0,2020
Mickey 17,2025,137,No disponible,No disponible,"['Ciencia ficción', 'Comedia', 'Thriller', 'Fantástico', 'Aventuras']",6.2,5753,Película,https://www.filmaffinity.com/es/film466389.html,2025-04-07,Las más votadas,0,1,0,0,1,0,0,0,0,0,0,0,0,1,1,1,0,2020
Escape,2024,129,No disponible,No disponible,"['Comedia', 'Thriller']",5.8,4857,Película,https://www.filmaffinity.com/es/film655074.html,2025-04-07,Las más votadas,0,1,0,0,0,0,0,0,0,0,0,0,0,0,1,0,0,2020
Holland,2025,108,No disponible,No disponible,"['Thriller', 'Intriga']",4.4,948,Película,https://www.filmaffinity.com/es/film212115.html,2025-04-07,Las más votadas,0,1,0,1,0,0,0,0,0,0,0,0,0,0,0,0,0,2020
Cuando cae el otoño,2024,102,No disponible,No disponible,"['Drama', 'Intriga']",6.7,1548,Película,https://www.filmaffinity.com/es/film580571.html,2025-04-07,Las más votadas,0,0,0,1,0,0,0,0,0,0,0,1,0,0,0,0,0,2020
Mufasa: El rey león,2024,110,No disponible,No disponible,"['Animación', 'Aventuras', 'Drama', 'Comedia']",6.2,5109,Película,https://www.filmaffinity.com/es/film285949.html,2025-04-07,Las más votadas,0,0,1,0,1,0,0,0,0,0,0,1,0,0,1,0,0,2020
Amanece en Samaná,2024,99,No disponible,No disponible,['Comedia'],4.7,638,Película,https://www.filmaffinity.com/es/film190797.html,2025-04-07,Las más votadas,0,0,0,0,0,0,0,0,0,0,0,0,0,0,1,0,0,2020
Anora,2024,138,No disponible,No disponible,"['Drama', 'Comedia']",7.0,16685,Película,https://www.filmaffinity.com/es/film429924.html,2025-04-07,Las más votadas,0,0,0,0,0,0,0,0,0,0,0,1,0,0,1,0,0,2020
La infiltrada,2024,118,No disponible,No disponible,"['Thriller', 'Drama']",7.0,20626,Película,https://www.filmaffinity.com/es/film932478.html,2025-04-07,Las más votadas,0,1,0,0,0,0,0,0,0,0,0,1,0,0,0,0,0,2020
A Complete Unknown,2024,141,No disponible,No disponible,['Drama'],6.9,6641,Película,https://www.filmaffinity.com/es/film966380.html,2025-04-07,Las más votadas,0,0,0,0,0,0,0,0,0,0,0,1,0,0,0,0,0,2020
Black Phone,2021,102,No disponible,No disponible,"['Terror', 'Thriller', 'Fantástico']",6.2,14275,Película,https://www.filmaffinity.com/es/film386166.html,2025-04-07,Las más votadas,0,1,0,0,0,0,0,0,0,0,0,0,0,1,0,0,1,2020
Dune: Parte Dos,2024,166,No disponible,No disponible,"['Ciencia ficción', 'Aventuras', 'Acción', 'Drama']",7.7,34280,Película,https://www.filmaffinity.com/es/film180929.html,2025-04-07,Acción 2024,0,0,0,0,1,1,0,0,0,0,0,1,0,0,0,1,0,2020
Transformers One,2024,103,No disponible,No disponible,"['Animación', 'Acción', 'Aventuras', 'Ciencia ficción']",6.9,1690,Película,https://www.filmaffinity.com/es/film329799.html,2025-04-07,Acción 2024,0,0,1,0,1,1,0,0,0,0,0,0,0,0,0,1,0,2020
Furiosa: De la saga Mad Max,2024,138,No disponible,No disponible,"['Ciencia ficción', 'Acción']",6.7,20343,Película,https://www.filmaffinity.com/es/film501691.html,2025-04-07,Acción 2024,0,0,0,0,0,1,0,0,0,0,0,0,0,0,0,1,0,2020
Deadpool y Lobezno,2024,127,No disponible,No disponible,"['Acción', 'Fantástico', 'Comedia', 'Ciencia ficción']",6.7,22099,Película,https://www.filmaffinity.com/es/film202500.html,2025-04-07,Acción 2024,0,0,0,0,0,1,0,0,0,0,0,0,0,1,1,1,0,2020
Civil War,2024,109,No disponible,No disponible,"['Acción', 'Bélico', 'Drama', 'Thriller']",6.6,20718,Película,https://www.filmaffinity.com/es/film975245.html,2025-04-07,Acción 2024,0,1,0,0,0,1,0,0,0,1,0,1,0,0,0,0,0,2020
La ciudad de los guerreros,2024,125,No disponible,No disponible,"['Acción', 'Thriller']",6.4,580,Película,https://www.filmaffinity.com/es/film322201.html,2025-04-07,Acción 2024,0,1,0,0,0,1,0,0,0,0,0,0,0,0,0,0,0,2020
Alien: Romulus,2024,119,No disponible,No disponible,"['Ciencia ficción', 'Acción', 'Terror']",6.4,18934,Película,https://www.filmaffinity.com/es/film621967.html,2025-04-07,Acción 2024,0,0,0,0,0,1,0,0,0,0,0,0,0,0,0,1,1,2020
Monkey Man,2024,120,No disponible,No disponible,"['Acción', 'Thriller']",6.1,6958,Película,https://www.filmaffinity.com/es/film631601.html,2025-04-07,Acción 2024,0,1,0,0,0,1,0,0,0,0,0,0,0,0,0,0,0,2020
El señor de los anillos: La guerra de los Rohirrim,2024,130,No disponible,No disponible,"['Animación', 'Fantástico', 'Aventuras', 'Acción']",6.0,3955,Película,https://www.filmaffinity.com/es/film984017.html,2025-04-07,Acción 2024,0,0,1,0,1,1,0,0,0,0,0,0,0,1,0,0,0,2020
Sonic 3: La película,2024,110,No disponible,No disponible,"['Aventuras', 'Fantástico', 'Comedia', 'Acción']",6.0,2578,Película,https://www.filmaffinity.com/es/film496838.html,2025-04-07,Acción 2024,0,0,0,0,1,1,0,0,0,0,0,0,0,1,1,0,0,2020
Robot salvaje,2024,98,No disponible,No disponible,"['Animación', 'Ciencia ficción', 'Aventuras', 'Drama']",7.6,12184,Película,https://www.filmaffinity.com/es/film605382.html,2025-04-07,Ciencia Ficción 2024,0,0,1,0,1,0,0,0,0,0,0,1,0,0,0,1,0,2020
La sustancia,2024,140,No disponible,No disponible,"['Terror', 'Thriller', 'Ciencia ficción']",6.5,32379,Película,https://www.filmaffinity.com/es/film833687.html,2025-04-07,Ciencia Ficción 2024,0,1,0,0,0,0,0,0,0,0,0,0,0,0,0,1,1,2020
El reino del planeta de los simios,2024,135,No disponible,No disponible,"['Ciencia ficción', 'Aventuras']",6.1,11070,Película,https://www.filmaffinity.com/es/film139117.html,2025-04-07,Ciencia Ficción 2024,0,0,0,0,1,0,0,0,0,0,0,0,0,0,0,1,0,2020
Lo que hay dentro,2024,103,No disponible,No disponible,"['Intriga', 'Thriller', 'Ciencia ficción']",5.8,3671,Película,https://www.filmaffinity.com/es/film148922.html,2025-04-07,Ciencia Ficción 2024,0,1,0,1,0,0,0,0,0,0,0,0,0,0,0,1,0,2020
Rebel Moon (Capítulo uno): El cáliz de sangre,2024,200,No disponible,No disponible,"['Ciencia ficción', 'Acción']",5.6,702,Película,https://www.filmaffinity.com/es/film427446.html,2025-04-07,Ciencia Ficción 2024,0,0,0,0,0,1,0,0,0,0,0,0,0,0,0,1,0,2020
Nosferatu,2024,132,No disponible,No disponible,['Terror'],6.8,16969,Película,https://www.filmaffinity.com/es/film779702.html,2025-04-07,Terror 2024,0,0,0,0,0,0,0,0,0,0,0,0,0,0,0,0,1,2020
Strange Darling,2024,96,No disponible,No disponible,"['Thriller', 'Terror']",6.6,2151,Película,https://www.filmaffinity.com/es/film377182.html,2025-04-07,Terror 2024,0,1,0,0,0,0,0,0,0,0,0,0,0,0,0,0,1,2020
No hables con extraños,2024,109,No disponible,No disponible,"['Intriga', 'Terror', 'Thriller']",6.4,7561,Película,https://www.filmaffinity.com/es/film928692.html,2025-04-07,Terror 2024,0,1,0,1,0,0,0,0,0,0,0,0,0,0,0,0,1,2020
El baño del diablo,2024,120,No disponible,No disponible,"['Drama', 'Terror']",6.3,2986,Película,https://www.filmaffinity.com/es/film394035.html,2025-04-07,Terror 2024,0,0,0,0,0,0,0,0,0,0,0,1,0,0,0,0,1,2020
Pedro Páramo,2024,123,No disponible,No disponible,"['Drama', 'Fantástico', 'Terror']",6.2,769,Película,https://www.filmaffinity.com/es/film451119.html,2025-04-07,Terror 2024,0,0,0,0,0,0,0,0,0,0,0,1,0,1,0,0,1,2020
MadS,2024,95,No disponible,No disponible,['Terror'],6.1,745,Película,https://www.filmaffinity.com/es/film905083.html,2025-04-07,Terror 2024,0,0,0,0,0,0,0,0,0,0,0,0,0,0,0,0,1,2020
Exhuma,2024,134,No disponible,No disponible,"['Thriller', 'Terror', 'Intriga']",6.0,1803,Película,https://www.filmaffinity.com/es/film532415.html,2025-04-07,Terror 2024,0,1,0,1,0,0,0,0,0,0,0,0,0,0,0,0,1,2020
La joven y el mar,2024,100,No disponible,No disponible,"['Drama', 'Romance']",6.9,2203,Película,https://www.filmaffinity.com/es/film174346.html,2025-04-07,Romance 2024,0,0,0,0,0,0,1,0,0,0,0,1,0,0,0,0,0,2020
Vivir el momento,2024,107,No disponible,No disponible,"['Romance', 'Drama']",6.4,2150,Película,https://www.filmaffinity.com/es/film491455.html,2025-04-07,Romance 2024,0,0,0,0,0,0,1,0,0,0,0,1,0,0,0,0,0,2020
Polvo serán,2024,106,No disponible,No disponible,"['Drama', 'Romance', 'Musical']",6.4,1076,Película,https://www.filmaffinity.com/es/film353397.html,2025-04-07,Romance 2024,0,0,0,0,0,0,1,0,0,0,0,1,1,0,0,0,0,2020
Rivales,2024,131,No disponible,No disponible,"['Drama', 'Romance']",6.3,11219,Película,https://www.filmaffinity.com/es/film500773.html,2025-04-07,Romance 2024,0,0,0,0,0,0,1,0,0,0,0,1,0,0,0,0,0,2020
Mi yo adulta,2024,89,No disponible,No disponible,"['Romance', 'Comedia', 'Fantástico']",6.2,810,Película,https://www.filmaffinity.com/es/film772019.html,2025-04-07,Romance 2024,0,0,0,0,0,0,1,0,0,0,0,0,0,1,1,0,0,2020
Goyo,2024,107,No disponible,No disponible,"['Drama', 'Romance', 'Comedia']",6.1,926,Película,https://www.filmaffinity.com/es/film979469.html,2025-04-07,Romance 2024,0,0,0,0,0,0,1,0,0,0,0,1,0,0,1,0,0,2020
Fly Me to the Moon,2024,132,No disponible,No disponible,"['Comedia', 'Drama', 'Romance']",6.0,4032,Película,https://www.filmaffinity.com/es/film188353.html,2025-04-07,Romance 2024,0,0,0,0,0,0,1,0,0,0,0,1,0,0,1,0,0,2020
El especialista,2024,125,No disponible,No disponible,"['Acción', 'Comedia', 'Romance']",6.0,9631,Película,https://www.filmaffinity.com/es/film958361.html,2025-04-07,Romance 2024,0,0,0,0,0,1,1,0,0,0,0,0,0,0,1,0,0,2020
Romper el círculo,2024,130,No disponible,No disponible,"['Romance', 'Drama']",5.7,4130,Película,https://www.filmaffinity.com/es/film607991.html,2025-04-07,Romance 2024,0,0,0,0,0,0,1,0,0,0,0,1,0,0,0,0,0,2020
La idea de tenerte,2024,115,No disponible,No disponible,['Romance'],5.4,4042,Película,https://www.filmaffinity.com/es/film124676.html,2025-04-07,Romance 2024,0,0,0,0,0,0,1,0,0,0,0,0,0,0,0,0,0,2020
Memorias de un caracol,2024,94,No disponible,No disponible,"['Animación', 'Drama', 'Comedia']",7.6,2341,Película,https://www.filmaffinity.com/es/film734032.html,2025-04-07,Comedia 2024,0,0,1,0,0,0,0,0,0,0,0,1,0,0,1,0,0,2020
Del revés 2 (Inside Out 2),2024,88,No disponible,No disponible,"['Animación', 'Fantástico', 'Aventuras', 'Comedia']",7.1,23682,Película,https://www.filmaffinity.com/es/film103131.html,2025-04-07,Comedia 2024,0,0,1,0,1,0,0,0,0,0,0,0,0,1,1,0,0,2020
Haikyu!! La batalla del basurero,2024,85,No disponible,No disponible,"['Animación', 'Comedia', 'Drama']",7.0,562,Película,https://www.filmaffinity.com/es/film323347.html,2025-04-07,Comedia 2024,0,0,1,0,0,0,0,0,0,0,0,1,0,0,1,0,0,2020
Kneecap,2024,105,No disponible,No disponible,"['Comedia', 'Drama']",7.0,3269,Película,https://www.filmaffinity.com/es/film786132.html,2025-04-07,Comedia 2024,0,0,0,0,0,0,0,0,0,0,0,1,0,0,1,0,0,2020
Casa en llamas,2024,105,No disponible,No disponible,"['Comedia', 'Drama']",7.0,16782,Película,https://www.filmaffinity.com/es/film304830.html,2025-04-07,Comedia 2024,0,0,0,0,0,0,0,0,0,0,0,1,0,0,1,0,0,2020
Por todo lo alto,2024,103,No disponible,No disponible,"['Drama', 'Comedia']",6.8,597,Película,https://www.filmaffinity.com/es/film221256.html,2025-04-07,Comedia 2024,0,0,0,0,0,0,0,0,0,0,0,1,0,0,1,0,0,2020
Wallace y Gromit: La venganza se sirve con plumas,2024,78,No disponible,No disponible,"['Animación', 'Comedia']",6.8,1695,Película,https://www.filmaffinity.com/es/film243249.html,2025-04-07,Comedia 2024,0,0,1,0,0,0,0,0,0,0,0,0,0,0,1,0,0,2020
Misericordia,2024,104,No disponible,No disponible,"['Thriller', 'Drama', 'Comedia']",6.6,514,Película,https://www.filmaffinity.com/es/film535701.html,2025-04-07,Comedia 2024,0,1,0,0,0,0,0,0,0,0,0,1,0,0,1,0,0,2020
"Flow, un mundo que salvar",2024,83,No disponible,No disponible,"['Animación', 'Aventuras']",7.3,7986,Película,https://www.filmaffinity.com/es/film989516.html,2025-04-07,Animación 2024,0,0,1,0,1,0,0,0,0,0,0,0,0,0,0,0,0,2020
Buffalo Kids,2024,82,No disponible,No disponible,"['Animación', 'Infantil', 'Aventuras', 'Western']",6.3,1607,Película,https://www.filmaffinity.com/es/film431394.html,2025-04-07,Animación 2024,0,0,1,0,1,0,0,0,1,0,1,0,0,0,0,0,0,2020
Aquella Navidad,2024,90,No disponible,No disponible,"['Animación', 'Comedia', 'Drama']",6.2,1080,Película,https://www.filmaffinity.com/es/film733302.html,2025-04-07,Animación 2024,0,0,1,0,0,0,0,0,0,0,0,1,0,0,1,0,0,2020
Cónclave,2024,115,No disponible,No disponible,"['Drama', 'Thriller', 'Intriga']",7.0,12967,Película,https://www.filmaffinity.com/es/film159138.html,2025-04-07,Thriller 2024,0,1,0,1,0,0,0,0,0,0,0,1,0,0,0,0,0,2020
Marco,2024,98,No disponible,No disponible,"['Drama', 'Thriller']",6.8,5898,Película,https://www.filmaffinity.com/es/film793818.html,2025-04-07,Thriller 2024,0,1,0,0,0,0,0,0,0,0,0,1,0,0,0,0,0,2020
Jurado Nº 2,2024,110,No disponible,No disponible,"['Thriller', 'Drama', 'Intriga']",6.8,20553,Película,https://www.filmaffinity.com/es/film775563.html,2025-04-07,Thriller 2024,0,1,0,1,0,0,0,0,0,0,0,1,0,0,0,0,0,2020
La virgen roja,2024,114,No disponible,No disponible,"['Drama', 'Thriller']",6.7,12507,Película,https://www.filmaffinity.com/es/film903239.html,2025-04-07,Thriller 2024,0,1,0,0,0,0,0,0,0,0,0,1,0,0,0,0,0,2020
Septiembre 5,2024,95,No disponible,No disponible,"['Thriller', 'Drama', 'Intriga']",6.6,2266,Película,https://www.filmaffinity.com/es/film440035.html,2025-04-07,Thriller 2024,0,1,0,1,0,0,0,0,0,0,0,1,0,0,0,0,0,2020
A Different Man,2024,112,No disponible,No disponible,"['Thriller', 'Comedia']",6.6,1934,Película,https://www.filmaffinity.com/es/film248862.html,2025-04-07,Thriller 2024,0,1,0,0,0,0,0,0,0,0,0,0,0,0,1,0,0,2020
X-Men '97,2024,30,No disponible,No disponible,"['Serie de TV', 'Animación', 'Acción', 'Ciencia ficción', 'Fantástico']",7.7,2343,Película,https://www.filmaffinity.com/es/film651593.html,2025-04-07,Series de Acción 2024,1,0,1,0,0,1,0,0,0,0,0,0,0,1,0,1,0,2020
Solo Leveling,2024,23,No disponible,No disponible,"['Serie de TV', 'Animación', 'Acción', 'Fantástico']",7.6,1222,Película,https://www.filmaffinity.com/es/film611559.html,2025-04-07,Series de Acción 2024,1,0,1,0,0,1,0,0,0,0,0,0,0,1,0,0,0,2020
Kaiju No. 8,2024,22,No disponible,No disponible,"['Serie de TV', 'Animación', 'Acción', 'Fantástico']",7.5,663,Película,https://www.filmaffinity.com/es/film812926.html,2025-04-07,Series de Acción 2024,1,0,1,0,0,1,0,0,0,0,0,0,0,1,0,0,0,2020
Kimetsu no Yaiba: Hashira Training Arc,2024,28,No disponible,No disponible,"['Serie de TV', 'Animación', 'Acción', 'Aventuras', 'Fantástico', 'Thriller', 'Drama']",7.2,707,Película,https://www.filmaffinity.com/es/film619412.html,2025-04-07,Series de Acción 2024,1,1,1,0,1,1,0,0,0,0,0,1,0,1,0,0,0,2020
Tragones y mazmorras,2024,24,No disponible,No disponible,"['Serie de TV', 'Animación', 'Comedia', 'Fantástico', 'Acción']",7.1,809,Película,https://www.filmaffinity.com/es/film407614.html,2025-04-07,Series de Acción 2024,1,0,1,0,0,1,0,0,0,0,0,0,0,1,1,0,0,2020
The Gentlemen: La serie,2024,55,No disponible,No disponible,"['Serie de TV', 'Thriller', 'Acción', 'Comedia']",7.1,8287,Película,https://www.filmaffinity.com/es/film629037.html,2025-04-07,Series de Acción 2024,1,1,0,0,0,1,0,0,0,0,0,0,0,0,1,0,0,2020
Comando Monster,2024,22,No disponible,No disponible,"['Serie de TV', 'Animación', 'Acción']",7.1,945,Película,https://www.filmaffinity.com/es/film406091.html,2025-04-07,Series de Acción 2024,1,0,1,0,0,1,0,0,0,0,0,0,0,0,0,0,0,2020
Secret Level,2024,15,No disponible,No disponible,"['Serie de TV', 'Animación', 'Acción', 'Ciencia ficción', 'Fantástico']",6.8,2418,Película,https://www.filmaffinity.com/es/film592002.html,2025-04-07,Series de Acción 2024,1,0,1,0,0,1,0,0,0,0,0,0,0,1,0,1,0,2020
El ocaso de los dioses,2024,30,No disponible,No disponible,"['Serie de TV', 'Animación', 'Acción', 'Fantástico']",6.7,710,Película,https://www.filmaffinity.com/es/film379065.html,2025-04-07,Series de Acción 2024,1,0,1,0,0,1,0,0,0,0,0,0,0,1,0,0,0,2020
Dragon Ball Daima,2024,25,No disponible,No disponible,"['Serie de TV', 'Animación', 'Ciencia ficción', 'Acción', 'Aventuras']",6.5,819,Película,https://www.filmaffinity.com/es/film358003.html,2025-04-07,Series de Acción 2024,1,0,1,0,1,1,0,0,0,0,0,0,0,0,0,1,0,2020
Dan Da Dan,2024,22,No disponible,No disponible,"['Serie de TV', 'Animación', 'Intriga', 'Ciencia ficción', 'Comedia', 'Romance']",7.6,1470,Película,https://www.filmaffinity.com/es/film615629.html,2025-04-07,Series de Ciencia Ficción 2024,1,0,1,1,0,0,1,0,0,0,0,0,0,0,1,1,0,2020
Fallout,2024,60,No disponible,No disponible,"['Serie de TV', 'Ciencia ficción']",7.4,14723,Película,https://www.filmaffinity.com/es/film556204.html,2025-04-07,Series de Ciencia Ficción 2024,1,0,0,0,0,0,0,0,0,0,0,0,0,0,0,1,0,2020
Materia oscura,2024,50,No disponible,No disponible,"['Serie de TV', 'Ciencia ficción', 'Intriga']",6.7,2224,Película,https://www.filmaffinity.com/es/film996227.html,2025-04-07,Series de Ciencia Ficción 2024,1,0,0,1,0,0,0,0,0,0,0,0,0,0,0,1,0,2020
Star Wars: Crónicas del Imperio,2024,15,No disponible,No disponible,"['Serie de TV', 'Animación', 'Ciencia ficción', 'Aventuras']",6.6,1006,Película,https://www.filmaffinity.com/es/film476267.html,2025-04-07,Series de Ciencia Ficción 2024,1,0,1,0,1,0,0,0,0,0,0,0,0,0,0,1,0,2020
Dune: La profecía,2024,60,No disponible,No disponible,"['Serie de TV', 'Ciencia ficción', 'Aventuras', 'Drama']",6.6,2900,Película,https://www.filmaffinity.com/es/film811200.html,2025-04-07,Series de Ciencia Ficción 2024,1,0,0,0,1,0,0,0,0,0,0,1,0,0,0,1,0,2020
El problema de los 3 cuerpos,2024,58,No disponible,No disponible,"['Serie de TV', 'Ciencia ficción', 'Fantástico']",6.5,9264,Película,https://www.filmaffinity.com/es/film459562.html,2025-04-07,Series de Ciencia Ficción 2024,1,0,0,0,0,0,0,0,0,0,0,0,0,1,0,1,0,2020
The Walking Dead: The Ones Who Live,2024,55,No disponible,No disponible,"['Serie de TV', 'Terror', 'Ciencia ficción']",6.3,1058,Película,https://www.filmaffinity.com/es/film770014.html,2025-04-07,Series de Ciencia Ficción 2024,1,0,0,0,0,0,0,0,0,0,0,0,0,0,0,1,1,2020
Django desencadenado,2012,165,No disponible,No disponible,['Western'],7.9,120013,Película,https://www.filmaffinity.com/es/film929558.html,2025-04-07,Western 2010-2020,0,0,0,0,0,0,0,0,1,0,0,0,0,0,0,0,0,2010
Los odiosos ocho,2015,167,No disponible,No disponible,"['Western', 'Intriga']",7.3,65892,Película,https://www.filmaffinity.com/es/film647932.html,2025-04-07,Western 2010-2020,0,0,0,1,0,0,0,0,1,0,0,0,0,0,0,0,0,2010
El renacido,2015,156,No disponible,No disponible,"['Aventuras', 'Western']",7.2,73828,Película,https://www.filmaffinity.com/es/film117532.html,2025-04-07,Western 2010-2020,0,0,0,0,1,0,0,0,1,0,0,0,0,0,0,0,0,2010
Comanchería,2016,102,No disponible,No disponible,"['Thriller', 'Western', 'Drama', 'Acción']",7.2,32890,Película,https://www.filmaffinity.com/es/film934874.html,2025-04-07,Western 2010-2020,0,1,0,0,0,1,0,0,1,0,0,1,0,0,0,0,0,2010
Valor de ley,2010,110,No disponible,No disponible,"['Western', 'Aventuras']",7.1,56797,Película,https://www.filmaffinity.com/es/film986371.html,2025-04-07,Western 2010-2020,0,0,0,0,1,0,0,0,1,0,0,0,0,0,0,0,0,2010
The Rider,2017,104,No disponible,No disponible,"['Drama', 'Western']",6.9,6601,Película,https://www.filmaffinity.com/es/film186544.html,2025-04-07,Western 2010-2020,0,0,0,0,0,0,0,0,1,0,0,1,0,0,0,0,0,2010
Los hermanos Sisters,2018,121,No disponible,No disponible,['Western'],6.9,14535,Película,https://www.filmaffinity.com/es/film111769.html,2025-04-07,Western 2010-2020,0,0,0,0,0,0,0,0,1,0,0,0,0,0,0,0,0,2010
Intemperie,2019,103,No disponible,No disponible,"['Drama', 'Thriller', 'Western']",6.8,8371,Película,https://www.filmaffinity.com/es/film300469.html,2025-04-07,Western 2010-2020,0,1,0,0,0,0,0,0,1,0,0,1,0,0,0,0,0,2010
First Cow,2019,118,No disponible,No disponible,"['Drama', 'Western']",6.7,4219,Película,https://www.filmaffinity.com/es/film112106.html,2025-04-07,Western 2010-2020,0,0,0,0,0,0,0,0,1,0,0,1,0,0,0,0,0,2010
Hostiles,2017,133,No disponible,No disponible,"['Western', 'Drama']",6.6,7292,Película,https://www.filmaffinity.com/es/film794926.html,2025-04-07,Western 2010-2020,0,0,0,0,0,0,0,0,1,0,0,1,0,0,0,0,0,2010
El tren de las 3:10,2007,117,No disponible,No disponible,"['Western', 'Acción']",6.9,40834,Película,https://www.filmaffinity.com/es/film433829.html,2025-04-07,Western 2000-2010,0,0,0,0,0,1,0,0,1,0,0,0,0,0,0,0,0,2000
Open Range,2003,135,No disponible,No disponible,"['Western', 'Romance']",6.6,11096,Película,https://www.filmaffinity.com/es/film335659.html,2025-04-07,Western 2000-2010,0,0,0,0,0,0,1,0,1,0,0,0,0,0,0,0,0,2000
Meek's Cutoff,2010,104,No disponible,No disponible,"['Western', 'Aventuras']",6.6,2190,Película,https://www.filmaffinity.com/es/film965374.html,2025-04-07,Western 2000-2010,0,0,0,0,1,0,0,0,1,0,0,0,0,0,0,0,0,2010
El asesinato de Jesse James por el cobarde Robert Ford,2007,160,No disponible,No disponible,"['Western', 'Drama']",6.5,26301,Película,https://www.filmaffinity.com/es/film431727.html,2025-04-07,Western 2000-2010,0,0,0,0,0,0,0,0,1,0,0,1,0,0,0,0,0,2000
La propuesta,2005,99,No disponible,No disponible,['Western'],6.5,4269,Película,https://www.filmaffinity.com/es/film155414.html,2025-04-07,Western 2000-2010,0,0,0,0,0,0,0,0,1,0,0,0,0,0,0,0,0,2000
"El bueno, el malo y el raro",2008,136,No disponible,No disponible,"['Western', 'Acción', 'Aventuras']",6.4,4472,Película,https://www.filmaffinity.com/es/film769269.html,2025-04-07,Western 2000-2010,0,0,0,0,1,1,0,0,1,0,0,0,0,0,0,0,0,2000
"Spirit, el corcel indomable",2002,80,No disponible,No disponible,"['Animación', 'Aventuras', 'Infantil', 'Western']",6.3,11600,Película,https://www.filmaffinity.com/es/film462506.html,2025-04-07,Western 2000-2010,0,0,1,0,1,0,0,0,1,0,1,0,0,0,0,0,0,2000
Appaloosa,2008,107,No disponible,No disponible,"['Western', 'Drama']",6.3,18939,Película,https://www.filmaffinity.com/es/film929470.html,2025-04-07,Western 2000-2010,0,0,0,0,0,0,0,0,1,0,0,1,0,0,0,0,0,2000
El perdón,2000,115,No disponible,No disponible,"['Western', 'Drama', 'Romance']",6.2,1786,Película,https://www.filmaffinity.com/es/film819932.html,2025-04-07,Western 2000-2010,0,0,0,0,0,0,1,0,1,0,0,1,0,0,0,0,0,2000
El golpe,1973,129,No disponible,No disponible,"['Intriga', 'Comedia', 'Drama']",8.5,102627,Película,https://www.filmaffinity.com/es/film385464.html,2025-04-07,Películas 1970s,0,0,0,1,0,0,0,0,0,0,0,1,0,0,1,0,0,1970
Alguien voló sobre el nido del cuco,1975,133,No disponible,No disponible,['Drama'],8.3,113030,Película,https://www.filmaffinity.com/es/film371621.html,2025-04-07,Películas 1970s,0,0,0,0,0,0,0,0,0,0,0,1,0,0,0,0,0,1970
Dersu Uzala (El cazador),1975,141,No disponible,No disponible,"['Aventuras', 'Drama']",8.3,34440,Película,https://www.filmaffinity.com/es/film478505.html,2025-04-07,Películas 1970s,0,0,0,0,1,0,0,0,0,0,0,1,0,0,0,0,0,1970
Apocalypse Now,1979,153,No disponible,No disponible,"['Bélico', 'Drama']",8.2,109746,Película,https://www.filmaffinity.com/es/film701892.html,2025-04-07,Películas 1970s,0,0,0,0,0,0,0,0,0,1,0,1,0,0,0,0,0,1970
La naranja mecánica,1971,137,No disponible,No disponible,"['Drama', 'Ciencia ficción']",8.2,170564,Película,https://www.filmaffinity.com/es/film745383.html,2025-04-07,Películas 1970s,0,0,0,0,0,0,0,0,0,0,0,1,0,0,0,1,0,1970
Novecento (1900),1976,314,No disponible,No disponible,['Drama'],8.1,20413,Película,https://www.filmaffinity.com/es/film903598.html,2025-04-07,Películas 1970s,0,0,0,0,0,0,0,0,0,0,0,1,0,0,0,0,0,1970
Cinema Paradiso,1988,155,No disponible,No disponible,"['Drama', 'Comedia']",8.3,95176,Película,https://www.filmaffinity.com/es/film420972.html,2025-04-07,Películas 1980s,0,0,0,0,0,0,0,0,0,0,0,1,0,0,1,0,0,1980
Érase una vez en América,1984,225,No disponible,No disponible,['Drama'],8.3,59432,Película,https://www.filmaffinity.com/es/film421564.html,2025-04-07,Películas 1980s,0,0,0,0,0,0,0,0,0,0,0,1,0,0,0,0,0,1980
El precio del poder,1983,163,No disponible,No disponible,['Drama'],8.2,94459,Película,https://www.filmaffinity.com/es/film188896.html,2025-04-07,Películas 1980s,0,0,0,0,0,0,0,0,0,0,0,1,0,0,0,0,0,1980
La chaqueta metálica,1987,120,No disponible,No disponible,"['Bélico', 'Drama']",8.2,124862,Película,https://www.filmaffinity.com/es/film462892.html,2025-04-07,Películas 1980s,0,0,0,0,0,0,0,0,0,1,0,1,0,0,0,0,0,1980
El resplandor,1980,146,No disponible,No disponible,['Terror'],8.2,150580,Película,https://www.filmaffinity.com/es/film598422.html,2025-04-07,Películas 1980s,0,0,0,0,0,0,0,0,0,0,0,0,0,0,0,0,1,1980
Los santos inocentes,1984,103,No disponible,No disponible,['Drama'],8.1,46504,Película,https://www.filmaffinity.com/es/film879812.html,2025-04-07,Películas 1980s,0,0,0,0,0,0,0,0,0,0,0,1,0,0,0,0,0,1980
Blade Runner,1982,117,No disponible,No disponible,"['Ciencia ficción', 'Acción']",8.1,138860,Película,https://www.filmaffinity.com/es/film358476.html,2025-04-07,Películas 1980s,0,0,0,0,0,1,0,0,0,0,0,0,0,0,0,1,0,1980
La guerra de las galaxias. Episodio V: El imperio contraataca,1980,124,No disponible,No disponible,"['Ciencia ficción', 'Aventuras']",8.1,138179,Película,https://www.filmaffinity.com/es/film605090.html,2025-04-07,Películas 1980s,0,0,0,0,1,0,0,0,0,0,0,0,0,0,0,1,0,1980
Pulp Fiction,1994,153,No disponible,No disponible,['Thriller'],8.6,204973,Película,https://www.filmaffinity.com/es/film160882.html,2025-04-07,Películas 1990s,0,1,0,0,0,0,0,0,0,0,0,0,0,0,0,0,0,1990
La vida es bella,1997,117,No disponible,No disponible,"['Drama', 'Comedia']",8.5,193640,Película,https://www.filmaffinity.com/es/film594480.html,2025-04-07,Películas 1990s,0,0,0,0,0,0,0,0,0,0,0,1,0,0,1,0,0,1990
Uno de los nuestros,1990,148,No disponible,No disponible,"['Thriller', 'Drama']",8.4,116329,Película,https://www.filmaffinity.com/es/film978961.html,2025-04-07,Películas 1990s,0,1,0,0,0,0,0,0,0,0,0,1,0,0,0,0,0,1990
American History X,1998,119,No disponible,No disponible,['Drama'],8.3,155471,Película,https://www.filmaffinity.com/es/film261972.html,2025-04-07,Películas 1990s,0,0,0,0,0,0,0,0,0,0,0,1,0,0,0,0,0,1990
Seven,1995,127,No disponible,No disponible,"['Thriller', 'Intriga']",8.3,178246,Película,https://www.filmaffinity.com/es/film575149.html,2025-04-07,Películas 1990s,0,1,0,1,0,0,0,0,0,0,0,0,0,0,0,0,0,1990
Sin perdón,1992,126,No disponible,No disponible,"['Western', 'Drama']",8.2,97123,Película,https://www.filmaffinity.com/es/film262344.html,2025-04-07,Películas 1990s,0,0,0,0,0,0,0,0,1,0,0,1,0,0,0,0,0,1990
Ciudad de Dios,2002,130,No disponible,No disponible,"['Drama', 'Acción', 'Thriller']",8.4,130736,Película,https://www.filmaffinity.com/es/film412004.html,2025-04-07,Películas 2000s,0,1,0,0,0,1,0,0,0,0,0,1,0,0,0,0,0,2000
El pianista,2002,148,No disponible,No disponible,['Drama'],8.2,155403,Película,https://www.filmaffinity.com/es/film112475.html,2025-04-07,Películas 2000s,0,0,0,0,0,0,0,0,0,0,0,1,0,0,0,0,0,2000
El señor de los anillos: El retorno del rey,2003,201,No disponible,No disponible,"['Fantástico', 'Aventuras', 'Acción']",8.2,187889,Película,https://www.filmaffinity.com/es/film226427.html,2025-04-07,Películas 2000s,0,0,0,0,1,1,0,0,0,0,0,0,0,1,0,0,0,2000
Gran Torino,2008,119,No disponible,No disponible,['Drama'],8.2,149671,Película,https://www.filmaffinity.com/es/film539054.html,2025-04-07,Películas 2000s,0,0,0,0,0,0,0,0,0,0,0,1,0,0,0,0,0,2000
El caballero oscuro,2008,152,No disponible,No disponible,"['Thriller', 'Acción', 'Drama']",8.1,156808,Película,https://www.filmaffinity.com/es/film867354.html,2025-04-07,Películas 2000s,0,1,0,0,0,1,0,0,0,0,0,1,0,0,0,0,0,2000
El secreto de sus ojos,2009,129,No disponible,No disponible,"['Thriller', 'Intriga', 'Drama']",8.1,90782,Película,https://www.filmaffinity.com/es/film313601.html,2025-04-07,Películas 2000s,0,1,0,1,0,0,0,0,0,0,0,1,0,0,0,0,0,2000
El viaje de Chihiro,2001,124,No disponible,No disponible,"['Animación', 'Fantástico', 'Aventuras']",8.1,115485,Película,https://www.filmaffinity.com/es/film759533.html,2025-04-07,Películas 2000s,0,0,1,0,1,0,0,0,0,0,0,0,0,1,0,0,0,2000
Mary and Max,2009,88,No disponible,No disponible,"['Animación', 'Drama', 'Comedia']",8.0,24658,Película,https://www.filmaffinity.com/es/film563877.html,2025-04-07,Películas 2000s,0,0,1,0,0,0,0,0,0,0,0,1,0,0,1,0,0,2000
Intocable,2011,109,No disponible,No disponible,"['Comedia', 'Drama']",8.0,113241,Película,https://www.filmaffinity.com/es/film217719.html,2025-04-07,Películas 2010s,0,0,0,0,0,0,0,0,0,0,0,1,0,0,1,0,0,2010
Coco,2017,109,No disponible,No disponible,"['Animación', 'Fantástico', 'Comedia', 'Drama']",8.0,57058,Película,https://www.filmaffinity.com/es/film893369.html,2025-04-07,Películas 2010s,0,0,1,0,0,0,0,0,0,0,0,1,0,1,1,0,0,2010
Origen,2010,148,No disponible,No disponible,"['Ciencia ficción', 'Thriller', 'Intriga', 'Acción']",8.0,159741,Película,https://www.filmaffinity.com/es/film971380.html,2025-04-07,Películas 2010s,0,1,0,1,0,1,0,0,0,0,0,0,0,0,0,1,0,2010
Joker,2019,121,No disponible,No disponible,"['Thriller', 'Drama']",8.0,75123,Película,https://www.filmaffinity.com/es/film520214.html,2025-04-07,Películas 2010s,0,1,0,0,0,0,0,0,0,0,0,1,0,0,0,0,0,2010
Parásitos,2019,132,No disponible,No disponible,"['Intriga', 'Comedia', 'Drama', 'Thriller']",7.9,67447,Película,https://www.filmaffinity.com/es/film520465.html,2025-04-07,Películas 2010s,0,1,0,1,0,0,0,0,0,0,0,1,0,0,1,0,0,2010
Toy Story 3,2010,103,No disponible,No disponible,"['Animación', 'Fantástico', 'Aventuras', 'Comedia', 'Infantil']",7.9,117820,Película,https://www.filmaffinity.com/es/film612761.html,2025-04-07,Películas 2010s,0,0,1,0,1,0,0,0,0,0,1,0,0,1,1,0,0,2010
Interstellar,2014,169,No disponible,No disponible,"['Ciencia ficción', 'Drama', 'Aventuras']",7.9,106121,Película,https://www.filmaffinity.com/es/film704416.html,2025-04-07,Películas 2010s,0,0,0,0,1,0,0,0,0,0,0,1,0,0,0,1,0,2010
Spider-Man: Cruzando el Multiverso,2023,140,No disponible,No disponible,"['Animación', 'Acción', 'Aventuras', 'Ciencia ficción']",7.7,17109,Película,https://www.filmaffinity.com/es/film213653.html,2025-04-07,Películas 2020s,0,0,1,0,1,1,0,0,0,0,0,0,0,0,0,1,0,2020
El padre,2020,97,No disponible,No disponible,['Drama'],7.7,21332,Película,https://www.filmaffinity.com/es/film701512.html,2025-04-07,Películas 2020s,0,0,0,0,0,0,0,0,0,0,0,1,0,0,0,0,0,2020
As bestas,2022,137,No disponible,No disponible,"['Thriller', 'Drama']",7.6,41252,Película,https://www.filmaffinity.com/es/film227540.html,2025-04-07,Películas 2020s,0,1,0,0,0,0,0,0,0,0,0,1,0,0,0,0,0,2020
El regreso de las golondrinas,2022,131,No disponible,No disponible,['Drama'],7.6,2052,Película,https://www.filmaffinity.com/es/film424908.html,2025-04-07,Películas 2020s,0,0,0,0,0,0,0,0,0,0,0,1,0,0,0,0,0,2020
La sociedad de la nieve,2023,144,No disponible,No disponible,"['Aventuras', 'Drama']",7.6,40098,Película,https://www.filmaffinity.com/es/film484144.html,2025-04-07,Películas 2020s,0,0,0,0,1,0,0,0,0,0,0,1,0,0,0,0,0,2020
